metric,estimate,p_value
steps_vs_calories,0.5813801894994014,1.124992908142169e-42
steps_vs_very_active_minutes,0.6996989206003971,1.908192633052378e-68
