grp,var1,var2,vcov,sdcor
id,(Intercept),NA,11904347.77140302,3450.267782564568
Residual,NA,NA,11773139.474413663,3431.2008793443824
