threshold,rows,mean_steps
300,379,7889.751978891821
500,377,7929.490716180371
1000,370,8065.267567567567
