week,week_index,retention_from_week1
2016-01,1,1
2016-05,2,0.9629629629629629
2016-09,3,0.9259259259259259
2016-10,4,0.037037037037037035
2016-11,5,0.037037037037037035
2016-12,6,0.1111111111111111
2016-13,7,0.2962962962962963
2016-14,8,0.8888888888888888
2016-18,9,0.9259259259259259
2016-22,10,0.9259259259259259
2016-27,11,0.9259259259259259
2016-31,12,0.9259259259259259
2016-35,13,0.8518518518518519
2016-40,14,0.7777777777777778
2016-44,15,0.7037037037037037
2016-48,16,0.37037037037037035
